id	conversation_id	created_at	date	time	timezone	user_id	username	name	place	tweet	language	mentions	urls	photos	replies_count	retweets_count	likes_count	hashtags	cashtags	link	retweet	quote_url	video	thumbnail	near	geo	source	user_rt_id	user_rt	retweet_id	reply_to	retweet_date	translate	trans_src	trans_dest
1334107395891585034	1334107395891585034	2020-12-02 13:09:24 Central European Standard Time	2020-12-02	13:09:24	+0100	183968715	nacjonalistapl	Nacjonalista.pl ğŸ‡µğŸ‡± #BabiesLivesMatter		Alternatywa dla kapitalizmu i socjalizmu. Podstawowe zagadnienia.  #dystrybucjonizm #wÅ‚asnoÅ›Ä‡ #katolickanaukaspoÅ‚eczna #kapitalizm #socjalizm   Thomas Storck: Dystrybutyzm jako alternatywa  https://t.co/3HdM5fm8iy	pl	[]	['https://www.nacjonalista.pl/2014/08/10/thomas-storck-dystrybutyzm-jako-alternatywa/#.X8eCb9QFFKM.twitter']	[]	1	0	8	['dystrybucjonizm', 'wÅ‚asnoÅ›Ä‡', 'katolickanaukaspoÅ‚eczna', 'kapitalizm', 'socjalizm']	[]	https://twitter.com/nacjonalistapl/status/1334107395891585034	False		0								[]				
1333836440531308549	1333836440531308549	2020-12-01 19:12:43 Central European Standard Time	2020-12-01	19:12:43	+0100	1213759881666121730	lach_polak	LachPolakRestart		#Watykan chce kasowaÄ‡ #wolnoÅ›Ä‡ #wÅ‚asnoÅ›Ä‡ Jezuici napisali #Marks kapitaÅ‚ i kierowali #Lenin i #Stalin	pl	[]	[]	[]	0	0	0	['watykan', 'wolnoÅ›Ä‡', 'wÅ‚asnoÅ›Ä‡', 'marks', 'lenin', 'stalin']	[]	https://twitter.com/lach_polak/status/1333836440531308549	False	https://twitter.com/JustynaG15/status/1333694808146268165	0								[]				
1332751137020243972	1332751137020243972	2020-11-28 19:20:07 Central European Standard Time	2020-11-28	19:20:07	+0100	2656691029	stowlibertarian	Stowarzyszenie LibertariaÅ„skie		ğŸ¥³ Z okazji 1âƒ£2âƒ£6âƒ£. rocznicy urodzin Henry'ego Hazlitta mamy dla Was okolicznoÅ›ciowÄ… grafikÄ™ z cytatem z ğŸ“˜ â€Ekonomii w jednej lekcjiâ€.  KsiÄ…Å¼kÄ™ wydaÅ‚ zaprzyjaÅºniony @MisesPl: â¤µï¸  https://t.co/NZV8j0XgSO  #Hazlitt #wÅ‚asnoÅ›Ä‡ #ekonomia  https://t.co/m0SF03zbXc	pl	[{'screen_name': 'misespl', 'name': 'instytut misesa', 'id': '777826453958295553'}]	['http://www.mises.sklep.pl/ksiazki/26-ekonomia-w-jednej-lekcji-oprawa-twarda.html']	['https://pbs.twimg.com/media/En7g7pYXcAAcStY.jpg']	0	5	26	['hazlitt', 'wÅ‚asnoÅ›Ä‡', 'ekonomia']	[]	https://twitter.com/StowLibertarian/status/1332751137020243972	False		1	https://pbs.twimg.com/media/En7g7pYXcAAcStY.jpg							[]				
1332298842591662080	1332298842591662080	2020-11-27 13:22:51 Central European Standard Time	2020-11-27	13:22:51	+0100	183968715	nacjonalistapl	Nacjonalista.pl ğŸ‡µğŸ‡± #BabiesLivesMatter		Nacjonalistyczne TAK dla wÅ‚asnoÅ›ci prywatnej. #nacjonalizm #NR #AdamDoboszyÅ„ski #wÅ‚asnoÅ›Ä‡   Adam DoboszyÅ„ski: O potrzebie wÅ‚asnoÅ›ci prywatnej  https://t.co/a8GPz1z06I	pl	[]	['https://www.nacjonalista.pl/2014/04/22/adam-doboszynski-o-potrzebie-wlasnosci-prywatnej/#.X8DvgkUOh_k.twitter']	[]	0	2	12	['nacjonalizm', 'nr', 'adamdoboszyÅ„ski', 'wÅ‚asnoÅ›Ä‡']	[]	https://twitter.com/nacjonalistapl/status/1332298842591662080	False		0								[]				
1332118355659137030	1332118355659137030	2020-11-27 01:25:40 Central European Standard Time	2020-11-27	01:25:40	+0100	1229324760577912833	r_tamulewicz	Radomir Tamulewicz		Gratulacje dla nowowybranych czÅ‚onkÃ³w zarzÄ…du! #wolnoÅ›Ä‡ #wÅ‚asnoÅ›Ä‡ #sprawiedliwoÅ›Ä‡	pl	[]	[]	[]	0	0	3	['wolnoÅ›Ä‡', 'wÅ‚asnoÅ›Ä‡', 'sprawiedliwoÅ›Ä‡']	[]	https://twitter.com/R_Tamulewicz/status/1332118355659137030	False	https://twitter.com/KorwinWarszawa/status/1331907651819757572	0								[]				
1331233937474146304	1331233937474146304	2020-11-24 14:51:18 Central European Standard Time	2020-11-24	14:51:18	+0100	1227954552948830210	korwingdansk	KORWiN GdaÅ„sk - okrÄ™g 25		"""Pakiet Polskiego PrzedsiÄ™biorcy"" dra @SlawomirMentzen ! DziÄ™ki projektom jednego z naszych liderÃ³w usunÄ™libyÅ›my caÅ‚Ä… masÄ™ zbÄ™dnych i szkodliwych przepisÃ³w, obniÅ¼yli podatki i wreszcie uwolnili polskÄ… przedsiÄ™biorczoÅ›Ä‡!  #Konfederacja #KORWiN #wolnoÅ›Ä‡ #wÅ‚asnoÅ›Ä‡ #sprawiedliwoÅ›Ä‡  https://t.co/rbfdBCzbqX"	pl	[{'screen_name': 'slawomirmentzen', 'name': 'sÅ‚awomir mentzen', 'id': '3242182113'}]	[]	['https://pbs.twimg.com/media/Enl-DvcXYAIwrXp.png']	0	3	3	['konfederacja', 'korwin', 'wolnoÅ›Ä‡', 'wÅ‚asnoÅ›Ä‡', 'sprawiedliwoÅ›Ä‡']	[]	https://twitter.com/korwingdansk/status/1331233937474146304	False		1	https://pbs.twimg.com/media/Enl-DvcXYAIwrXp.png							[]				
1326859450787966976	1326859450787966976	2020-11-12 13:08:39 Central European Standard Time	2020-11-12	13:08:39	+0100	183968715	nacjonalistapl	Nacjonalista.pl ğŸ‡µğŸ‡± #BabiesLivesMatter		Przeciwko kapitalizmowi i socjalizmowi. Podstawowe zagadnienia dystrybucjonizmu.  #dystrybucjonizm #wÅ‚asnoÅ›Ä‡ #katolickanaukaspoÅ‚eczna #kapitalizm #socjalizm   John MÃ©daille: Ekonomia polityczna dystrybucjonizmu  https://t.co/2vft7ehhOH	pl	[]	['https://www.nacjonalista.pl/2012/05/16/john-medaille-ekonomia-polityczna-dystrybucjonizmu/#.X60jI3HOVjw.twitter']	[]	0	0	11	['dystrybucjonizm', 'wÅ‚asnoÅ›Ä‡', 'katolickanaukaspoÅ‚eczna', 'kapitalizm', 'socjalizm']	[]	https://twitter.com/nacjonalistapl/status/1326859450787966976	False		0								[]				
1325451651130531843	1325451651130531843	2020-11-08 15:54:33 Central European Standard Time	2020-11-08	15:54:33	+0100	1227954552948830210	korwingdansk	KORWiN GdaÅ„sk - okrÄ™g 25		Mamy najbardziej opodatkowanÄ… gospodarkÄ™ od 20 lat, co w poÅ‚Ä…czeniu z konsekwentnym komplikowaniem przepisÃ³w tÅ‚amsi naszÄ… przedsiÄ™biorczoÅ›Ä‡.   https://t.co/PC4U2ToB8C  #konfederacja #korwin #wolnoÅ›Ä‡ #wÅ‚asnoÅ›Ä‡ #sprawiedliwoÅ›Ä‡  https://t.co/kZ4eUnCUdo	pl	[]	['https://www.facebook.com/wolnosc.gdansk/photos/a.1476782309210969/2664276003794921/']	['https://pbs.twimg.com/media/EmTzDWnW4AIw1LC.jpg']	0	4	13	['konfederacja', 'korwin', 'wolnoÅ›Ä‡', 'wÅ‚asnoÅ›Ä‡', 'sprawiedliwoÅ›Ä‡']	[]	https://twitter.com/korwingdansk/status/1325451651130531843	False		1	https://pbs.twimg.com/media/EmTzDWnW4AIw1LC.jpg							[]				
1324422763906539521	1324422763906539521	2020-11-05 19:46:08 Central European Standard Time	2020-11-05	19:46:08	+0100	241673070	wojtekdydymski	Wojciech Dydymski		Rozejrzyj siÄ™, coÅ› ciÄ™ nie zastanawia ?  #za_kogo_i_za_co_chcesz_walczyÄ‡ #faÅ‚szywi_idole_mentorzy_mesjasze #lah_pan_bÃ³g_samego_siebie #dydymus #ligaswiata #wolnoÅ›Ä‡ #wÅ‚asnoÅ›Ä‡ #zdrowie #transhumanizm #4era_przemysÅ‚owa #faÅ‚szywa_pandemia #prawo_naturalne   https://t.co/g0WhLwOEFy	pl	[]	['https://dydymuscytaty.wordpress.com/2020/11/05/rozejrzyj-sie-cos-cie-nie-zastanawia/']	[]	0	0	1	['za_kogo_i_za_co_chcesz_walczyÄ‡', 'faÅ‚szywi_idole_mentorzy_mesjasze', 'lah_pan_bÃ³g_samego_siebie', 'dydymus', 'ligaswiata', 'wolnoÅ›Ä‡', 'wÅ‚asnoÅ›Ä‡', 'zdrowie', 'transhumanizm', '4era_przemysÅ‚owa', 'faÅ‚szywa_pandemia', 'prawo_naturalne']	[]	https://twitter.com/wojtekdydymski/status/1324422763906539521	False		0								[]				
1324298813398540294	1324298813398540294	2020-11-05 11:33:36 Central European Standard Time	2020-11-05	11:33:36	+0100	1227954552948830210	korwingdansk	KORWiN GdaÅ„sk - okrÄ™g 25		WÅ‚adza zachowuje siÄ™ jak grupa szaleÅ„cÃ³w, ktÃ³ra punktowo niszczy naszÄ… gospodarkÄ™. Do tego czujÄ… siÄ™ bezkarni, na kaÅ¼dym kroku pokazujÄ…c swojÄ… butÄ™ i arogancjÄ™.   https://t.co/ER6RUhLWFO   #KONFEDERACJA #KORWiN  #wolnoÅ›Ä‡ #wÅ‚asnoÅ›Ä‡ #sprawiedliwoÅ›Ä‡  https://t.co/Ppo8aK13Ip	pl	[]	['https://www.facebook.com/events/799151317573486']	['https://pbs.twimg.com/media/EmDaYFIXUAEL83x.png']	0	1	1	['konfederacja', 'korwin', 'wolnoÅ›Ä‡', 'wÅ‚asnoÅ›Ä‡', 'sprawiedliwoÅ›Ä‡']	[]	https://twitter.com/korwingdansk/status/1324298813398540294	False		1	https://pbs.twimg.com/media/EmDaYFIXUAEL83x.png							[]				
1324159739115294723	1324159739115294723	2020-11-05 02:20:58 Central European Standard Time	2020-11-05	02:20:58	+0100	1234075975501172736	sawomir63759583	SÅ‚awomir BogusÅ‚aw CZECH		RzÄ…d bezprawia i niesprawiedliwoÅ›ci @pisorgpl wprowadza podatek od powietrza!  Oddychanie w maseczce 5 zÅ‚. Oddychanie bez maseczki 1000 zÅ‚.  DoÅ‚Ä…cz do nas: #konfederacjakoronypolskiej #wiara #rodzina #wÅ‚asnoÅ›Ä‡ #wolnoÅ›Ä‡ #Konfederacja  https://t.co/Ox6RHGqa5E	pl	[{'screen_name': 'pisorgpl', 'name': 'prawo i sprawiedliwoÅ›Ä‡', 'id': '15877628'}]	[]	['https://pbs.twimg.com/media/EmBbxJCXIAAENIx.jpg']	5	27	145	['konfederacjakoronypolskiej', 'wiara', 'rodzina', 'wÅ‚asnoÅ›Ä‡', 'wolnoÅ›Ä‡', 'konfederacja']	[]	https://twitter.com/Sawomir63759583/status/1324159739115294723	False		1	https://pbs.twimg.com/media/EmBbxJCXIAAENIx.jpg							[]				
1323230857570750467	1323230857570750467	2020-11-02 12:49:55 Central European Standard Time	2020-11-02	12:49:55	+0100	1227954552948830210	korwingdansk	KORWiN GdaÅ„sk - okrÄ™g 25		Nowe podatki i podwyÅ¼ki dotychczasowych w czasie kryzysu? SocjaliÅ›ci z jednej i drugiej strony zawsze gÅ‚osujÄ… rÄ™ka w rÄ™kÄ™!  #KONFEDERACJA #KORWiN #DruÅ¼ynaKonfederacji #wolnoÅ›Ä‡ #wÅ‚asnoÅ›Ä‡ #sprawiedliwoÅ›Ä‡  https://t.co/azaOhKyeje	pl	[]	[]	['https://pbs.twimg.com/media/El0POk6WoAEHhuF.png']	0	2	8	['konfederacja', 'korwin', 'druÅ¼ynakonfederacji', 'wolnoÅ›Ä‡', 'wÅ‚asnoÅ›Ä‡', 'sprawiedliwoÅ›Ä‡']	[]	https://twitter.com/korwingdansk/status/1323230857570750467	False		1	https://pbs.twimg.com/media/El0POk6WoAEHhuF.png							[]				
1322336224007327747	1322336224007327747	2020-10-31 01:34:58 Central European Standard Time	2020-10-31	01:34:58	+0100	1641516710	ludwikowskij	Ludwikowski Jacek		2âƒ£0âƒ£0âƒ£obserwujÄ…cych! DziÄ™kuje wszystkim za budowanie mojej aktywnoÅ›ci! ğŸ“ˆ  #Korwin #Konfederacja #wolnoÅ›Ä‡ #wÅ‚asnoÅ›Ä‡ #sprawiedliwoÅ›Ä‡ #niepodlegÅ‚oÅ›Ä‡ #wolnyrynek #tradycja  https://t.co/akm5wCgyFQ	pl	[]	[]	['https://pbs.twimg.com/media/Elng_3JX0AQmsIm.jpg']	0	0	3	['korwin', 'konfederacja', 'wolnoÅ›Ä‡', 'wÅ‚asnoÅ›Ä‡', 'sprawiedliwoÅ›Ä‡', 'niepodlegÅ‚oÅ›Ä‡', 'wolnyrynek', 'tradycja']	[]	https://twitter.com/LudwikowskiJ/status/1322336224007327747	False		1	https://pbs.twimg.com/media/Elng_3JX0AQmsIm.jpg							[]				
1319282548199964672	1319282548199964672	2020-10-22 16:20:45 Central European Summer Time	2020-10-22	16:20:45	+0100	1641516710	ludwikowskij	Ludwikowski Jacek		Serdecznie zapraszam do Å›ledzenia gdaÅ„skiej KORWiNy na pozostaÅ‚ych platformach internetowychâ—ï¸  #Konfederacja #Korwin #wolnoÅ›Ä‡ #wÅ‚asnoÅ›Ä‡ #sprawiedliwoÅ›Ä‡	pl	[]	[]	[]	0	1	1	['konfederacja', 'korwin', 'wolnoÅ›Ä‡', 'wÅ‚asnoÅ›Ä‡', 'sprawiedliwoÅ›Ä‡']	[]	https://twitter.com/LudwikowskiJ/status/1319282548199964672	False	https://twitter.com/korwingdansk/status/1319279582793531394	0								[]				
1319023370567110659	1319022922237939714	2020-10-21 23:10:52 Central European Summer Time	2020-10-21	23:10:52	+0100	1025515920322691079	freedomsnake1	Freedom Snake #Å»Ã“ÅTASIÅA ğŸ’›ğŸ–¤ AnCap!		@Aynqa WolÄ™ idee nie partie #wolnoÅ›Ä‡ #wÅ‚asnoÅ›Ä‡ #podatkiToKRADZIEÅ»	pl	[]	[]	[]	0	0	1	['wolnoÅ›Ä‡', 'wÅ‚asnoÅ›Ä‡', 'podatkitokradzieÅ¼']	[]	https://twitter.com/FreedomSnake1/status/1319023370567110659	False		0								[{'screen_name': 'Aynqa', 'name': 'Alicja Grubba', 'id': '844866923028344832'}]				
1318197479180029959	1318197479180029959	2020-10-19 16:29:04 Central European Summer Time	2020-10-19	16:29:04	+0100	1227954552948830210	korwingdansk	KORWiN GdaÅ„sk - okrÄ™g 25		#Konfederacja  jako jedyne ugrupowanie staje w obronie polskich przedsiÄ™biorcÃ³w, ale takÅ¼e pracownikÃ³w - nasze propozycje sÄ… prawdziwÄ… tarczÄ… dla gospodarki!  #druÅ¼ynakonfederacji #korwin #naprzÃ³dpolsko #zatrzymaÄ‡lockdown #wolnoÅ›Ä‡ #wÅ‚asnoÅ›Ä‡ #sprawiedliwoÅ›Ä‡  https://t.co/xZyzvm41lL	pl	[]	[]	['https://pbs.twimg.com/media/Ekss5fyWkAA-ss9.png']	0	0	1	['konfederacja', 'druÅ¼ynakonfederacji', 'korwin', 'naprzÃ³dpolsko', 'zatrzymaÄ‡lockdown', 'wolnoÅ›Ä‡', 'wÅ‚asnoÅ›Ä‡', 'sprawiedliwoÅ›Ä‡']	[]	https://twitter.com/korwingdansk/status/1318197479180029959	False		1	https://pbs.twimg.com/media/Ekss5fyWkAA-ss9.png							[]				
1317359117435080710	1317359117435080710	2020-10-17 08:57:43 Central European Summer Time	2020-10-17	08:57:43	+0100	1641516710	ludwikowskij	Ludwikowski Jacek		#MiltonFriedman na sobotÄ™.  #kapitalizm #liberalizm #wolnyrynek #gospodarkarynkowa #antysocjalizm #wolnoÅ›Ä‡ #wÅ‚asnoÅ›Ä‡ #sprawiedliwoÅ›Ä‡  https://t.co/4mEdggRzw6	pl	[]	[]	['https://pbs.twimg.com/media/Ekgyz5NWkAAOkkK.jpg']	0	0	0	['miltonfriedman', 'kapitalizm', 'liberalizm', 'wolnyrynek', 'gospodarkarynkowa', 'antysocjalizm', 'wolnoÅ›Ä‡', 'wÅ‚asnoÅ›Ä‡', 'sprawiedliwoÅ›Ä‡']	[]	https://twitter.com/LudwikowskiJ/status/1317359117435080710	False		1	https://pbs.twimg.com/media/Ekgyz5NWkAAOkkK.jpg							[]				
1317165574418554880	1317165574418554880	2020-10-16 20:08:39 Central European Summer Time	2020-10-16	20:08:39	+0100	1162297438067200001	radcapiatek	radcapiatek.pl		Czas na piÄ…tkowy artykuÅ‚ ğŸ™‚  Dzisiaj o tym jak zarzÄ…dzaÄ‡ wspÃ³Å‚wÅ‚asnoÅ›ciÄ… od strony prawnej ğŸ™‚  Zapraszam ğŸ™‚  #bydgoszcz #prawnik #prawo #radca #radcaprawny #radcapiatek #kodeks #wÅ‚asnoÅ›Ä‡ #artykuÅ‚  https://t.co/K9hGGEtgk9	pl	[]	['https://www.instagram.com/p/CGafamypb1m/?igshid=45sfd36ybx8e']	[]	0	0	0	['bydgoszcz', 'prawnik', 'prawo', 'radca', 'radcaprawny', 'radcapiatek', 'kodeks', 'wÅ‚asnoÅ›Ä‡', 'artykuÅ‚']	[]	https://twitter.com/radcapiatek/status/1317165574418554880	False		0								[]				
1316440555040186369	1316440555040186369	2020-10-14 20:07:41 Central European Summer Time	2020-10-14	20:07:41	+0100	1227954552948830210	korwingdansk	KORWiN GdaÅ„sk - okrÄ™g 25		WidaÄ‡ po przykÅ‚adzie Rumunii, Å¼e radykalna obniÅ¼ka podatkÃ³w jest moÅ¼liwa do przeprowadzenia.  #wolnoÅ›Ä‡ #wÅ‚asnoÅ›Ä‡ #sprawiedliwoÅ›Ä‡	pl	[]	[]	[]	0	0	1	['wolnoÅ›Ä‡', 'wÅ‚asnoÅ›Ä‡', 'sprawiedliwoÅ›Ä‡']	[]	https://twitter.com/korwingdansk/status/1316440555040186369	False	https://twitter.com/ObywatelDC/status/1316393869051932674	0								[]				
1314628030455853057	1314628030455853057	2020-10-09 20:05:21 Central European Summer Time	2020-10-09	20:05:21	+0100	1227954552948830210	korwingdansk	KORWiN GdaÅ„sk - okrÄ™g 25		#FF dla posÅ‚Ã³w #Konfederacja za ciÄ™Å¼kÄ… pracÄ™ dla lepszej Polski!  @JkmMikke  @KonradBerkowicz  @SosnierzTv  @ArturDziambor  @Kulesza_pl  @GrzegorzBraun_  @RobertWinnicki  @krzysztofbosak  @TudujKrzysztof  @K_Kaminski_  @urbaniak_michal   #wolnoÅ›Ä‡ #wÅ‚asnoÅ›Ä‡ #sprawiedliwoÅ›Ä‡	pl	[{'screen_name': 'jkmmikke', 'name': 'janusz.korwin.mikke', 'id': '2858025183'}, {'screen_name': 'konradberkowicz', 'name': 'konrad berkowicz', 'id': '1420353350'}, {'screen_name': 'sosnierztv', 'name': 'soÅ›nierztv', 'id': '1114441509569552385'}, {'screen_name': 'arturdziambor', 'name': 'artur e. dziambor', 'id': '181121893'}, {'screen_name': 'kulesza_pl', 'name': 'jakub kulesza', 'id': '3093606064'}, {'screen_name': 'grzegorzbraun_', 'name': 'grzegorz braun', 'id': '1186367483546165248'}, {'screen_name': 'robertwinnicki', 'name': 'robert winnicki', 'id': '289210875'}, {'screen_name': 'krzysztofbosak', 'name': 'krzysztof bosak ğŸ‡µğŸ‡±', 'id': '80676829'}, {'screen_name': 'tudujkrzysztof', 'name': 'krzysztof tuduj', 'id': '889250035782885377'}, {'screen_name': 'k_kaminski_', 'name': 'krystian kamiÅ„ski ğŸ‡µğŸ‡±', 'id': '1184018094479597568'}, {'screen_name': 'urbaniak_michal', 'name': 'michaÅ‚ urbaniak', 'id': '3103658079'}]	[]	[]	1	2	7	['ff', 'konfederacja', 'wolnoÅ›Ä‡', 'wÅ‚asnoÅ›Ä‡', 'sprawiedliwoÅ›Ä‡']	[]	https://twitter.com/korwingdansk/status/1314628030455853057	False		0								[]				
1314121819193040897	1314068625091854341	2020-10-08 10:33:51 Central European Summer Time	2020-10-08	10:33:51	+0100	1227954552948830210	korwingdansk	KORWiN GdaÅ„sk - okrÄ™g 25		@edward42414374 Panie Edwardzie! JeÅ¼eli zgadza siÄ™ Pan z wolnoÅ›ciowym i konserwnym programem partii KORWiN oraz mieszka Pan w GdaÅ„sku, zachÄ™camy do wspÃ³Å‚pracy ;)   #wolnoÅ›Ä‡ #wÅ‚asnoÅ›Ä‡ #sprawiedliwoÅ›Ä‡	pl	[]	[]	[]	1	0	0	['wolnoÅ›Ä‡', 'wÅ‚asnoÅ›Ä‡', 'sprawiedliwoÅ›Ä‡']	[]	https://twitter.com/korwingdansk/status/1314121819193040897	False		0								[{'screen_name': 'edward42414374', 'name': 'edward', 'id': '1285483830900666368'}]				
1312486085545451520	1312486085545451520	2020-10-03 22:14:02 Central European Summer Time	2020-10-03	22:14:02	+0100	815953473585954816	j_mierzejewski	Jakub Mierzejewski		DziÅ› odbyÅ‚a siÄ™ Rada Krajowa @Partia_KORWiN, na ktÃ³rej wyznaczyliÅ›my kierunki dziaÅ‚ania naszego ugrupowania. #WolnoÅ›Ä‡ #WÅ‚asnoÅ›Ä‡ #SprawiedliwoÅ›Ä‡  https://t.co/cZw5sD41fk	pl	[{'screen_name': 'partia_korwin', 'name': 'partia korwin', 'id': '2981372711'}]	[]	['https://pbs.twimg.com/media/EjbjItcX0AEBx71.jpg']	2	3	24	['wolnoÅ›Ä‡', 'wÅ‚asnoÅ›Ä‡', 'sprawiedliwoÅ›Ä‡']	[]	https://twitter.com/J_Mierzejewski/status/1312486085545451520	False		1	https://pbs.twimg.com/media/EjbjItcX0AEBx71.jpg							[]				
1311935367436800000	1311935367436800000	2020-10-02 09:45:40 Central European Summer Time	2020-10-02	09:45:40	+0100	1295277871880175619	prawomocne	prawomocne.pl		Czym jest zasiedzenie? Jakie warunki naleÅ¼y speÅ‚niÄ‡, aby doszÅ‚o do zasiedzenia?ğŸª‘Zapraszamy do zapoznania siÄ™ z artykuÅ‚em:  https://t.co/d4PNtHojGu   #prawomocne #zasiedzenie #wÅ‚asnoÅ›Ä‡ #nieruchomoÅ›ci #blogprawniczy #prawo	pl	[]	['http://prawomocne.pl/zasiedzenie-jako-sposob-nabycia-wlasnosci/']	[]	0	0	0	['prawomocne', 'zasiedzenie', 'wÅ‚asnoÅ›Ä‡', 'nieruchomoÅ›ci', 'blogprawniczy', 'prawo']	[]	https://twitter.com/prawomocne/status/1311935367436800000	False		0								[]				
1310934329921540096	1310934329921540096	2020-09-29 15:27:54 Central European Summer Time	2020-09-29	15:27:54	+0100	1227954552948830210	korwingdansk	KORWiN GdaÅ„sk - okrÄ™g 25		Konfederacja umacnia siÄ™ jako trzecia siÅ‚a polityczna w Sejmie! Kolejne badania potwierdzajÄ…, Å¼e notujemy wzrost poparcia i wyprzedzamy zarÃ³wno LewicÄ™ jak i PSL! #Konfederacja #KORWiN #WolnoÅ›Ä‡ #WÅ‚asnoÅ›Ä‡ #SprawiedliwoÅ›Ä‡  #DruÅ¼ynaKonfederacji #NaprzÃ³dPolsko  https://t.co/z3tVbd9bpM	pl	[]	[]	['https://pbs.twimg.com/media/EjFfge_X0AA31ef.png']	0	2	3	['konfederacja', 'korwin', 'wolnoÅ›Ä‡', 'wÅ‚asnoÅ›Ä‡', 'sprawiedliwoÅ›Ä‡', 'druÅ¼ynakonfederacji', 'naprzÃ³dpolsko']	[]	https://twitter.com/korwingdansk/status/1310934329921540096	False		1	https://pbs.twimg.com/media/EjFfge_X0AA31ef.png							[]				
1310291274851901440	1310291274851901440	2020-09-27 20:52:38 Central European Summer Time	2020-09-27	20:52:38	+0100	1641516710	ludwikowskij	Ludwikowski Jacek		W tym tygodniu byÅ‚em na ciekawych spotkaniach z liderami #Konfederacja w moim mieÅ›cie #GdaÅ„sk Pozdrawiam serdecznie panÃ³w @ArturDziambor oraz @GrzegorzBraun_   #wolnoÅ›Ä‡ #wÅ‚asnoÅ›Ä‡ #sprawiedliwoÅ›Ä‡  #wiara #rodzina #wÅ‚asnoÅ›Ä‡  #admaioremdeigloriam #semperfidelisadlibertatem  https://t.co/Xjau4NQmT7	pl	[{'screen_name': 'arturdziambor', 'name': 'artur e. dziambor', 'id': '181121893'}, {'screen_name': 'grzegorzbraun_', 'name': 'grzegorz braun', 'id': '1186367483546165248'}]	[]	['https://pbs.twimg.com/media/Ei8WGsnXgAEPWeu.jpg', 'https://pbs.twimg.com/media/Ei8WLRMWkAAz68t.jpg']	1	1	6	['konfederacja', 'gdaÅ„sk', 'wolnoÅ›Ä‡', 'wÅ‚asnoÅ›Ä‡', 'sprawiedliwoÅ›Ä‡', 'wiara', 'rodzina', 'wÅ‚asnoÅ›Ä‡', 'admaioremdeigloriam', 'semperfidelisadlibertatem']	[]	https://twitter.com/LudwikowskiJ/status/1310291274851901440	False		1	https://pbs.twimg.com/media/Ei8WGsnXgAEPWeu.jpg							[]				
1309880185462849538	1309518629948600321	2020-09-26 17:39:07 Central European Summer Time	2020-09-26	17:39:07	+0100	230331160	violanewyork	Viola Rodriguez-Perez #POLEXIT		@gazeta_wyborcza I ğŸ‘ğŸ‘ğŸ‘ğŸ‘ğŸ‘ğŸ‘ğŸ‘dla faceta !!! Zrobilabym dokladnie to samo... Lewacki zjeb chcial zniszczyc #czyjas #wlasnosc to bardzo dobrze, ze dostal gazem po oczach..szkoda, ze jeszcze ten facet bejsbolem nie poprawil !	pl	[]	[]	[]	0	0	0	['czyjas', 'wlasnosc']	[]	https://twitter.com/ViolaNewYork/status/1309880185462849538	False		0								[{'screen_name': 'gazeta_wyborcza', 'name': 'Gazeta Wyborcza.pl', 'id': '19179390'}]				
1304887697513697280	1304887697513697280	2020-09-12 23:00:45 Central European Summer Time	2020-09-12	23:00:45	+0100	572112507	stpkowski	Adrian StÄ™pkowskiğŸ‡µğŸ‡±ğŸ’¯ğŸ‘‘		Postrzelane!  #wolnoÅ›Ä‡ #wÅ‚asnoÅ›Ä‡ #sprawiedliwoÅ›Ä‡ #LiquorGunsBaconTits  https://t.co/xvB8lDrdYl	pl	[]	['https://www.instagram.com/p/CFDQFeJlgeD/?igshid=1xvz0w1resac9']	[]	0	0	1	['wolnoÅ›Ä‡', 'wÅ‚asnoÅ›Ä‡', 'sprawiedliwoÅ›Ä‡', 'liquorgunsbacontits']	[]	https://twitter.com/stpkowski/status/1304887697513697280	False		0								[]				
1304124098918977542	1304124098918977542	2020-09-10 20:26:29 Central European Summer Time	2020-09-10	20:26:29	+0100	230331160	violanewyork	Viola Rodriguez-Perez #POLEXIT		Cios w polskie mleczarstwo i #polska #wlasnosc  ğŸ‘ğŸ‘ğŸ‘ğŸ‘ğŸ‘ @KONFEDERACJA_    wykrzyczec w twarz tym  #PIS-oskim KANALIOM prawde   https://t.co/RoNLk0NvJK	pl	[{'screen_name': 'konfederacja_', 'name': 'konfederacja', 'id': '1093510047605374976'}]	['https://youtu.be/yltRzmr_cWk']	[]	0	0	0	['polska', 'wlasnosc', 'pis']	[]	https://twitter.com/ViolaNewYork/status/1304124098918977542	False		0								[]				
1298239355325239297	1298239355325239297	2020-08-25 14:42:37 Central European Summer Time	2020-08-25	14:42:37	+0100	1227954552948830210	korwingdansk	KORWiN GdaÅ„sk - okrÄ™g 25		JuÅ¼ za tydzieÅ„ emisjÄ™ zacznie najbardziej wolnoÅ›ciowa telewizja w Polsce! Czas na @KORWiN_TV !!  #korwin #wolnoÅ›Ä‡ #wÅ‚asnoÅ›Ä‡ #sprawiedliwoÅ›Ä‡	pl	[{'screen_name': 'korwin_tv', 'name': 'korwin tv', 'id': '1292818422875774976'}]	[]	[]	0	0	0	['korwin', 'wolnoÅ›Ä‡', 'wÅ‚asnoÅ›Ä‡', 'sprawiedliwoÅ›Ä‡']	[]	https://twitter.com/korwingdansk/status/1298239355325239297	False	https://twitter.com/KORWiN_TV/status/1298232768741150725	0								[]				
1295311117141577728	1295311117141577728	2020-08-17 12:46:50 Central European Summer Time	2020-08-17	12:46:50	+0100	183968715	nacjonalistapl	Nacjonalista.pl ğŸ‡µğŸ‡± #BabiesLivesMatter		Wybitny ekonomista i nacjonalista. Narodowy Radykalizm przeciwko marksizmowi i liberalizmowi! #ekonomia #gospodarka #wÅ‚asnoÅ›Ä‡ #NR #kapitalizm #socjalizm #nacjonalizm #WojciechZaleski Wojciech Zaleski: MyÅ›l radykalna w programie gospodarczym  https://t.co/zG0FNUlXg7	pl	[]	['https://www.nacjonalista.pl/2018/09/27/wojciech-zaleski-mysl-radykalna-w-programie-gospodarczym/#.XzpedRWRGOM.twitter']	[]	0	1	8	['ekonomia', 'gospodarka', 'wÅ‚asnoÅ›Ä‡', 'nr', 'kapitalizm', 'socjalizm', 'nacjonalizm', 'wojciechzaleski']	[]	https://twitter.com/nacjonalistapl/status/1295311117141577728	False		0								[]				
1293200304582930439	1293200304582930439	2020-08-11 16:59:13 Central European Summer Time	2020-08-11	16:59:13	+0100	183968715	nacjonalistapl	Nacjonalista.pl ğŸ‡µğŸ‡± #BabiesLivesMatter		Dystrybucjonizm - przeciwko kapitalizmowi i socjalizmowi.  #dystrybucjonizm #wÅ‚asnoÅ›Ä‡ #katolickanaukaspoÅ‚eczna #kapitalizm #socjalizm Christopher A. Ferrara: W obronie dystrybucjonizmu  https://t.co/5KcITxKoVV	pl	[]	['https://www.nacjonalista.pl/2019/11/10/christopher-a-ferrara-w-obronie-dystrybucjonizmu/#.XzKxBzp73EA.twitter']	[]	0	0	6	['dystrybucjonizm', 'wÅ‚asnoÅ›Ä‡', 'katolickanaukaspoÅ‚eczna', 'kapitalizm', 'socjalizm']	[]	https://twitter.com/nacjonalistapl/status/1293200304582930439	False		0								[]				
1291366109711663109	1291366109711663109	2020-08-06 15:30:47 Central European Summer Time	2020-08-06	15:30:47	+0100	327395690	wojtekkarkowski	oXs	{'type': 'Point', 'coordinates': [54.74558042, 20.23624571]}	Morza szum ğŸŒŠ  #plaÅ¼a #na #wÅ‚asnoÅ›Ä‡ ğŸ–  #yacht #angela â›µï¸âš“ï¸ #balticsea ğŸŒŠ #hotsummer ğŸŒ¡ğŸŒ¡ğŸŒ¡ #djiglobal ğŸ“¸ w: Baltic Sea  https://t.co/jTKTZ6HaFu	pl	[]	['https://www.instagram.com/p/CDjLK5tgR2H/?igshid=jom95v917q2j']	[]	0	0	0	['plaÅ¼a', 'na', 'wÅ‚asnoÅ›Ä‡', 'yacht', 'angela', 'balticsea', 'hotsummer', 'djiglobal']	[]	https://twitter.com/WojtekKarkowski/status/1291366109711663109	False		0								[]				
1291294063883321344	1291294063883321344	2020-08-06 10:44:30 Central European Summer Time	2020-08-06	10:44:30	+0100	1064846797640794112	true_poland	NaprzÃ³d PolskoğŸ‡µğŸ‡±!		Prezydencie @AndrzejDuda #Polska czeka: - #Wiara #Rodzina #WÅ‚asnoÅ›Ä‡ -#NiskiePodatki -#Dekomunizacja -#SilneWojskoPolskie -#AneksWSI -#EkshumacjaJedwabne -#Stop447 -#ZatrzymajAborcje -#StopPedofilii -#StopLGBT  #KoalicjaPolskichSpraw #ZgromadzenieNarodowe #ZaprzysiezeniePrezydenta	pl	[{'screen_name': 'andrzejduda', 'name': 'andrzej duda', 'id': '202086424'}]	[]	[]	0	1	4	['polska', 'wiara', 'rodzina', 'wÅ‚asnoÅ›Ä‡', 'niskiepodatki', 'dekomunizacja', 'silnewojskopolskie', 'anekswsi', 'ekshumacjajedwabne', 'stop447', 'zatrzymajaborcje', 'stoppedofilii', 'stoplgbt', 'koalicjapolskichspraw', 'zgromadzenienarodowe', 'zaprzysiezenieprezydenta']	[]	https://twitter.com/True_Poland/status/1291294063883321344	False	https://twitter.com/True_Poland/status/1291287481204301824	0								[]				
1290992464485130241	1290992464485130241	2020-08-05 14:46:03 Central European Summer Time	2020-08-05	14:46:03	+0100	183968715	nacjonalistapl	Nacjonalista.pl ğŸ‡µğŸ‡± #BabiesLivesMatter		Przeciwko kapitalizmowi i socjalizmowi. Odpowiedzi na podstawowe zagadnienia w krÃ³tkim filmie. Polecamy! #dystrybucjonizm #wÅ‚asnoÅ›Ä‡ #katolickanaukaspoÅ‚eczna #kapitalizm #socjalizm Alternatywa dla kapitalizmu i socjalizmu. Czym jest dystrybucjonizm?  https://t.co/i3AO0VTSOb	pl	[]	['https://www.nacjonalista.pl/2014/12/06/alternatywa-dla-kapitalizmu-i-socjalizmu-czym-jest-dystrybucjonizm/#.XyqpcMnvnD0.twitter']	[]	0	0	5	['dystrybucjonizm', 'wÅ‚asnoÅ›Ä‡', 'katolickanaukaspoÅ‚eczna', 'kapitalizm', 'socjalizm']	[]	https://twitter.com/nacjonalistapl/status/1290992464485130241	False		0								[]				
1289151224009428995	1289151224009428995	2020-07-31 12:49:37 Central European Summer Time	2020-07-31	12:49:37	+0100	183968715	nacjonalistapl	Nacjonalista.pl ğŸ‡µğŸ‡± #BabiesLivesMatter		"""Nie rozwiÄ…Å¼e siÄ™ problemu wÅ‚asnoÅ›ci inaczej, niÅ¼ przez przywrÃ³cenie zasady moralnej. Niech nas nie czarujÄ… magicy kapitalistyczni i komunistyczni"". #nacjonalizm #NR #wÅ‚asnoÅ›Ä‡ #StanisÅ‚awPiasecki StanisÅ‚aw Piasecki: Nacjonalizm wobec kwestii wÅ‚asnoÅ›ci  https://t.co/enLWNp8mMj"	pl	[]	['https://www.nacjonalista.pl/2017/10/19/stanislaw-piasecki-nacjonalizm-wobec-kwestii-wlasnosci/#.XyP06-nf9_Y.twitter']	[]	0	0	4	['nacjonalizm', 'nr', 'wÅ‚asnoÅ›Ä‡', 'stanisÅ‚awpiasecki']	[]	https://twitter.com/nacjonalistapl/status/1289151224009428995	False		0								[]				
1287773764801921024	1287773764801921024	2020-07-27 17:36:05 Central European Summer Time	2020-07-27	17:36:05	+0100	1063436906514604032	szymekstream	Szymek G Szewczyk		"""PoÅ¼yczki wewnÄ™trzne (...) puszczajÄ… pieniÄ…dz w obieg, zuÅ¼ytkowujÄ… go do produkcyjnej pracy"". Brzmi zupeÅ‚nie jak PiS mÃ³wiÄ…cy o pieniÄ…dzach zalegajÄ…cych na kontach PolakÃ³w. #wolnyrynek #wÅ‚asnoÅ›Ä‡ #zadÅ‚uÅ¼enie #budÅ¼et  https://t.co/N52IYI2IiH"	pl	[]	[]	['https://pbs.twimg.com/media/Ed8XGkuWAAYpdsP.png']	0	0	1	['wolnyrynek', 'wÅ‚asnoÅ›Ä‡', 'zadÅ‚uÅ¼enie', 'budÅ¼et']	[]	https://twitter.com/szymekstream/status/1287773764801921024	False		1	https://pbs.twimg.com/media/Ed8XGkuWAAYpdsP.png							[]				
1286643072617656320	1286643072617656320	2020-07-24 14:43:07 Central European Summer Time	2020-07-24	14:43:07	+0100	183968715	nacjonalistapl	Nacjonalista.pl ğŸ‡µğŸ‡± #BabiesLivesMatter		Przeciwko kapitalizmowi i socjalizmowi. Podstawowe zagadnienia dystrybucjonizmu.  #dystrybucjonizm #wÅ‚asnoÅ›Ä‡ #katolickanaukaspoÅ‚eczna #kapitalizm #socjalizm John MÃ©daille: Ekonomia polityczna dystrybucjonizmu  https://t.co/hryMZMKpdI	pl	[]	['https://www.nacjonalista.pl/2012/05/16/john-medaille-ekonomia-polityczna-dystrybucjonizmu/#.XxrXK1mbuwQ.twitter']	[]	0	0	4	['dystrybucjonizm', 'wÅ‚asnoÅ›Ä‡', 'katolickanaukaspoÅ‚eczna', 'kapitalizm', 'socjalizm']	[]	https://twitter.com/nacjonalistapl/status/1286643072617656320	False		0								[]				
1286612388473643009	1286612388473643009	2020-07-24 12:41:12 Central European Summer Time	2020-07-24	12:41:12	+0100	1200893093094002689	spw_pl	SPW â’¶		"HOT TAKE Nie istnieje coÅ› takiego, jak ""Å›wiÄ™te prawo wÅ‚asnoÅ›ci"". #kapitalizm #wÅ‚asnoÅ›c #socjalizm"	pl	[]	[]	[]	1	0	7	['kapitalizm', 'wÅ‚asnoÅ›c', 'socjalizm']	[]	https://twitter.com/SPW_PL/status/1286612388473643009	False		0								[]				
1286296813893496832	1286296813893496832	2020-07-23 15:47:13 Central European Summer Time	2020-07-23	15:47:13	+0100	183968715	nacjonalistapl	Nacjonalista.pl ğŸ‡µğŸ‡± #BabiesLivesMatter		Alternatywa dla kapitalizmu i socjalizmu. Podstawowe zagadnienia.  #dystrybucjonizm #wÅ‚asnoÅ›Ä‡ #katolickanaukaspoÅ‚eczna #kapitalizm #socjalizm Thomas Storck: Dystrybutyzm jako alternatywa  https://t.co/UnBBdYMhVI	pl	[]	['https://www.nacjonalista.pl/2014/08/10/thomas-storck-dystrybutyzm-jako-alternatywa/#.XxmUYgIYfIs.twitter']	[]	0	0	5	['dystrybucjonizm', 'wÅ‚asnoÅ›Ä‡', 'katolickanaukaspoÅ‚eczna', 'kapitalizm', 'socjalizm']	[]	https://twitter.com/nacjonalistapl/status/1286296813893496832	False		0								[]				
1285576445994180608	1285576445994180608	2020-07-21 16:04:44 Central European Summer Time	2020-07-21	16:04:44	+0100	183968715	nacjonalistapl	Nacjonalista.pl ğŸ‡µğŸ‡± #BabiesLivesMatter		"""Co to jest kapitalizm? Wyzysk czÅ‚owieka przez czÅ‚owieka. A komunizm? To samo, lecz odwrotnieâ€ (Å¼art z czasÃ³w PRL-u) #dystrybucjonizm #wÅ‚asnoÅ›Ä‡ #kapitalizm #socjalizm Remigiusz Okraska: WÅ‚asnoÅ›Ä‡ kontra komunizm i kapitalizm, czyli rzecz o dystrybucjonizmie  https://t.co/zc2vt11WqF"	pl	[]	['https://www.nacjonalista.pl/2012/08/24/remigiusz-okraska-wlasnosc-kontra-komunizm-i-kapitalizm-czyli-rzecz-o-dystrybucjonizmie/#.XxbjCD3n0W8.twitter']	[]	0	0	5	['dystrybucjonizm', 'wÅ‚asnoÅ›Ä‡', 'kapitalizm', 'socjalizm']	[]	https://twitter.com/nacjonalistapl/status/1285576445994180608	False		0								[]				
1283761213873303553	1283761213873303553	2020-07-16 15:51:39 Central European Summer Time	2020-07-16	15:51:39	+0100	183968715	nacjonalistapl	Nacjonalista.pl ğŸ‡µğŸ‡± #BabiesLivesMatter		Alternatywa dla kapitalizmu i socjalizmu. Odpowiedzi na podstawowe pytania. #dystrybucjonizm #wÅ‚asnoÅ›Ä‡ #katolickanaukaspoÅ‚eczna #kapitalizm #socjalizm Teka Childress: Wszystko, co chcielibyÅ›cie wiedzieÄ‡ o dystrybucjonizmie  https://t.co/bpL5LgGXVk	pl	[]	['https://www.nacjonalista.pl/2012/10/19/teka-childress-wszystko-co-chcielibyscie-wiedziec-o-dystrybucjonizmie/#.XxBanOp9rq8.twitter']	[]	0	0	8	['dystrybucjonizm', 'wÅ‚asnoÅ›Ä‡', 'katolickanaukaspoÅ‚eczna', 'kapitalizm', 'socjalizm']	[]	https://twitter.com/nacjonalistapl/status/1283761213873303553	False		0								[]				
1280037405026856960	1280037405026856960	2020-07-06 09:14:33 Central European Summer Time	2020-07-06	09:14:33	+0100	984032682735620096	ipolska24	iPolska24.pl		Polacy wolÄ… mieÄ‡ rzeczy na wÅ‚asnoÅ›Ä‡ niÅ¼ je wypoÅ¼yczaÄ‡  https://t.co/1ZErt41M9k #wypoÅ¼yczalnia @BIG #wÅ‚asnoÅ›Ä‡ #rzeczy #posiadanie	pl	[{'screen_name': 'big', 'name': 'big direkt gesund', 'id': '24674244'}]	['https://www.ipolska24.pl/artykul/2020-07-06/polacy-wola-miec-rzeczy-na-wlasnosc-niz-je-wypozyczac']	[]	0	0	0	['wypoÅ¼yczalnia', 'wÅ‚asnoÅ›Ä‡', 'rzeczy', 'posiadanie']	[]	https://twitter.com/ipolska24/status/1280037405026856960	False		0								[]				
1279509375359561730	1279509375359561730	2020-07-04 22:16:21 Central European Summer Time	2020-07-04	22:16:21	+0100	1227954552948830210	korwingdansk	KORWiN GdaÅ„sk - okrÄ™g 25		Zapraszamy do oglÄ…dania!  #wolnoÅ›Ä‡ #wÅ‚asnoÅ›Ä‡ #sprawiedliwoÅ›Ä‡	pl	[]	[]	[]	0	0	0	['wolnoÅ›Ä‡', 'wÅ‚asnoÅ›Ä‡', 'sprawiedliwoÅ›Ä‡']	[]	https://twitter.com/korwingdansk/status/1279509375359561730	False	https://twitter.com/KONFEDERACJA_/status/1279490496319180806	0								[]				
1274782417866416128	1274782417866416128	2020-06-21 21:13:07 Central European Summer Time	2020-06-21	21:13:07	+0100	1064846797640794112	true_poland	NaprzÃ³d PolskoğŸ‡µğŸ‡±!		Jestem wyborcÄ… @GrzegorzBraun_ z podkarpacia, bÄ™dÄ™ 28 czerwca 2020 r. wyborcÄ… @krzysztofbosak kandydata @KONFEDERACJA_: Mojego Prezydenta! Dlaczego #Bosak2020?: #ZaÅ»yciem #PolskaRacjaStanu #Wiara #Rodzina #WÅ‚asnoÅ›Ä‡ #SilneWojskoPolskie #Stop447 #StopLGBT! #NaprzÃ³dPolsko #NaBosaka	pl	[{'screen_name': 'grzegorzbraun_', 'name': 'grzegorz braun', 'id': '1186367483546165248'}, {'screen_name': 'krzysztofbosak', 'name': 'krzysztof bosak ğŸ‡µğŸ‡±', 'id': '80676829'}, {'screen_name': 'konfederacja_', 'name': 'konfederacja', 'id': '1093510047605374976'}]	[]	[]	2	36	164	['bosak2020', 'zaÅ¼yciem', 'polskaracjastanu', 'wiara', 'rodzina', 'wÅ‚asnoÅ›Ä‡', 'silnewojskopolskie', 'stop447', 'stoplgbt', 'naprzÃ³dpolsko', 'nabosaka']	[]	https://twitter.com/True_Poland/status/1274782417866416128	False	https://twitter.com/RedneckRP/status/1274734233924390912	0								[]				
1274250636217864192	1274250636217864192	2020-06-20 10:00:00 Central European Summer Time	2020-06-20	10:00:00	+0100	2967823576	rpprawo	Rzeczpospolita Prawo		Dla dostawy towarÃ³w, tj. odpÅ‚atnego zbycia nieruchomoÅ›ci, wystarczy zawarcie waÅ¼nej umowy sprzedaÅ¼y w formie aktu notarialnego. Nie jest istotne jej wydanie. #wÅ‚asnoÅ›Ä‡ #podatek  https://t.co/pWm75iq4oX	pl	[]	['https://www.rp.pl/VAT/306159883-Do-opodatkowania-starcza-notarialne-przeniesienie-wlasnosci.html']	[]	0	2	0	['wÅ‚asnoÅ›Ä‡', 'podatek']	[]	https://twitter.com/RPPrawo/status/1274250636217864192	False		0								[]				
1271524969286164480	1271524969286164480	2020-06-12 21:29:11 Central European Summer Time	2020-06-12	21:29:11	+0100	183968715	nacjonalistapl	Nacjonalista.pl ğŸ‡µğŸ‡± #BabiesLivesMatter		"""Nie rozwiÄ…Å¼e siÄ™ problemu wÅ‚asnoÅ›ci inaczej, niÅ¼ przez przywrÃ³cenie zasady moralnej. Niech nas nie czarujÄ… magicy kapitalistyczni i komunistyczni"". #nacjonalizm #NR #wÅ‚asnoÅ›Ä‡ #StanisÅ‚awPiasecki StanisÅ‚aw Piasecki: Nacjonalizm wobec kwestii wÅ‚asnoÅ›ci  https://t.co/7dbZ2B5hZR"	pl	[]	['https://www.nacjonalista.pl/2017/10/19/stanislaw-piasecki-nacjonalizm-wobec-kwestii-wlasnosci/#.XuPTdv_kGSY.twitter']	[]	0	2	6	['nacjonalizm', 'nr', 'wÅ‚asnoÅ›Ä‡', 'stanisÅ‚awpiasecki']	[]	https://twitter.com/nacjonalistapl/status/1271524969286164480	False		0								[]				
1264978246157942785	1264978246157942785	2020-05-25 19:54:50 Central European Summer Time	2020-05-25	19:54:50	+0100	756969417423060993	igorc27	Igor Cedro ğŸ‘‘ ğŸ‡µğŸ‡±		Jest 600 obserwujacych! DziÄ™ki!  Dawno nie pisaÅ‚em tu regularnie, ale mam nadzieje Å¼e siÄ™ to trochÄ™ zmieni i bÄ™de promowaÅ‚ idee WolnosciowÄ… na twitterze czÄ™Å›ciej.  #WolnoÅ›Ä‡ #wÅ‚asnoÅ›Ä‡ #sprawiedliwoÅ›Ä‡	pl	[]	[]	[]	0	0	4	['wolnoÅ›Ä‡', 'wÅ‚asnoÅ›Ä‡', 'sprawiedliwoÅ›Ä‡']	[]	https://twitter.com/IgorC27/status/1264978246157942785	False		0								[]				
1262088829298769920	1262084852062486529	2020-05-17 20:33:20 Central European Summer Time	2020-05-17	20:33:20	+0100	1132684944126423041	micha88464340	Michaeloangelobounarotti		@adam_abramczyk @trzaskowski2020 PISPO jedno zÅ‚o ;) POzdro od Morawieckiego i reszty platformerskiej hoÅ‚oty #konfederacja #wolnosc #wÅ‚asnosc #stopbiurokracji #niskiepodatki ;)	pl	[]	[]	[]	0	0	0	['konfederacja', 'wolnosc', 'wÅ‚asnosc', 'stopbiurokracji', 'niskiepodatki']	[]	https://twitter.com/Micha88464340/status/1262088829298769920	False		0								[{'screen_name': 'adam_abramczyk', 'name': 'ADAM', 'id': '707156152480624641'}, {'screen_name': 'trzaskowski2020', 'name': 'Trzaskowski2020', 'id': '1260907592244768769'}]				
1261796408492949506	1261796408492949506	2020-05-17 01:11:21 Central European Summer Time	2020-05-17	01:11:21	+0100	1242201337300910083	tuttlezoja	zoja tuttle		Najbardziej lewacka grupka na fb? Uwaga Å›mieciarka jedzie #wÅ‚asnoÅ›Ä‡tokradzieÅ¼, #przyjaÅºÅ„tomagia  NajÅ›mieszniejsza grupka na fb? Uwaga Å›mieciarka jedzie ludzie oddajÄ…: zestaw gumek recepturek, sÅ‚oiki, gÄ…bkÄ™ od materaca, 100 wieszakÃ³w #oddam, #wÅ‚asnoÅ›Ä‡, #niewyrzucam, #Å›mieciawka	pl	[]	[]	[]	0	0	0	['wÅ‚asnoÅ›Ä‡tokradzieÅ¼', 'przyjaÅºÅ„tomagia', 'oddam', 'wÅ‚asnoÅ›Ä‡', 'niewyrzucam', 'Å›mieciawka']	[]	https://twitter.com/TuttleZoja/status/1261796408492949506	False		0								[]				
1261742100317642754	1261742100317642754	2020-05-16 21:35:33 Central European Summer Time	2020-05-16	21:35:33	+0100	1132684944126423041	micha88464340	Michaeloangelobounarotti		HoÅ‚ownia to pajac na ktÃ³rego szkoda strzÄ™piÄ‡ ryja #Konfederacja #wolnosc #wÅ‚asnosc #suwerennosc	pl	[]	[]	[]	0	0	0	['konfederacja', 'wolnosc', 'wÅ‚asnosc', 'suwerennosc']	[]	https://twitter.com/Micha88464340/status/1261742100317642754	False	https://twitter.com/SlawomirNitras/status/1261716535170740225	0								[]				
1259445596957446144	1259445596957446144	2020-05-10 13:30:04 Central European Summer Time	2020-05-10	13:30:04	+0100	1255534200016551937	liberalizmn	liberalizm.net		"""Polityka egalitaryzmu w jakiejkolwiek formie jest niekompatybilnÄ… z koncepcjÄ… wÅ‚asnoÅ›ci prywatnej""  Hans Hermann Hoppe, filozof, ekonomista, emerytowany profesor Uniwersytetu Las Vegas (UNLV), zaÅ‚oÅ¼yciel Property and Freedom Society #libertarianizm #wolnosc #rownosc #wlasnosc  https://t.co/WsCDqRf1Yj"	pl	[]	[]	['https://pbs.twimg.com/media/EXpy9dTUcAEpJmN.png']	0	0	5	['libertarianizm', 'wolnosc', 'rownosc', 'wlasnosc']	[]	https://twitter.com/LiberalizmN/status/1259445596957446144	False		1	https://pbs.twimg.com/media/EXpy9dTUcAEpJmN.png							[]				
1249627585757282304	1249627585757282304	2020-04-13 11:16:48 Central European Summer Time	2020-04-13	11:16:48	+0100	822108716413710336	spir_swojak	SwÃ³jdoswegoposwoje		#HipolitCegielski â€“ zapomniany polski #przemysÅ‚owiec. #Cegielski #ZakÅ‚adyCegielskiego #Hipolit #patriotyzm #patriotyzmgospodarczy #patriotyzmekonomiczny #patriotyzmkonsumencki #gospodarka #wÅ‚asnoÅ›Ä‡ #handel #ziemia #przemysÅ‚ @Dziennik_N  https://t.co/6qKGvMcgNe	pl	[{'screen_name': 'dziennik_n', 'name': 'dziennik narodowy', 'id': '703254550040420352'}]	[]	['https://pbs.twimg.com/media/EVeRCRxXsAYQywa.jpg']	1	3	3	['hipolitcegielski', 'przemysÅ‚owiec', 'cegielski', 'zakÅ‚adycegielskiego', 'hipolit', 'patriotyzm', 'patriotyzmgospodarczy', 'patriotyzmekonomiczny', 'patriotyzmkonsumencki', 'gospodarka', 'wÅ‚asnoÅ›Ä‡', 'handel', 'ziemia', 'przemysÅ‚']	[]	https://twitter.com/SPiR_SWOJAK/status/1249627585757282304	False		1	https://pbs.twimg.com/media/EVeRCRxXsAYQywa.jpg							[]				
1240045495575347201	1240045495575347201	2020-03-17 23:40:59 Central European Standard Time	2020-03-17	23:40:59	+0100	1227954552948830210	korwingdansk	KORWiN GdaÅ„sk - okrÄ™g 25		Szanowni PaÅ„stwo!  Zapraszam do zapoznania siÄ™ w linku z komentarzem prezesa gdaÅ„skiego okrÄ™gu KORWiN, odnoÅ›nie decyzji wÅ‚adz GdaÅ„ska,w sprawie zniesienia opÅ‚at w strefach pÅ‚atnego parkowania.   https://t.co/YKZX7lHc5d  #KORWiN #Konfederacja #WolnoÅ›Ä‡ #WÅ‚asnoÅ›Ä‡ #SprawiedliwoÅ›Ä‡	pl	[]	['https://www.facebook.com/wolnosc.gdansk/posts/2465057593716764?notif_id=1584483322712334&notif_t=page_post_reaction']	[]	0	1	3	['korwin', 'konfederacja', 'wolnoÅ›Ä‡', 'wÅ‚asnoÅ›Ä‡', 'sprawiedliwoÅ›Ä‡']	[]	https://twitter.com/korwingdansk/status/1240045495575347201	False		0								[]				
1240032458189438981	1240032458189438981	2020-03-17 22:49:11 Central European Standard Time	2020-03-17	22:49:11	+0100	618127413	technet_media	Technet Media		Czy zdjÄ™cia publicznie udostÄ™pnione na Facebooku i Instagramie wciÄ…Å¼ sÄ… nasze? Czy moÅ¼emy publikowaÄ‡ zdjÄ™cia, na ktÃ³rych sÄ… inne osoby? Na co siÄ™ zgadzamy korzystajÄ…c z portali spoÅ‚ecznoÅ›ciowych? #regulaminy #socialmedia #prawo #wÅ‚asnoÅ›Ä‡ #publikacja   https://t.co/uKMm9MGknQ  https://t.co/3QzU1zZzQI	pl	[]	['https://technet-media.pl/artykuly/na-co-sie-zgadzamy-korzystajac-z-portali-spolecznosciowych']	['https://pbs.twimg.com/media/ETV6vqEXkAACEbc.jpg']	0	0	0	['regulaminy', 'socialmedia', 'prawo', 'wÅ‚asnoÅ›Ä‡', 'publikacja']	[]	https://twitter.com/Technet_Media/status/1240032458189438981	False		1	https://pbs.twimg.com/media/ETV6vqEXkAACEbc.jpg							[]				
1236081564137684993	1236081564137684993	2020-03-07 01:09:44 Central European Standard Time	2020-03-07	01:09:44	+0100	1125291675918700544	goniec24	goniec24.pl ğŸ‡µğŸ‡±		#WolnoÅ›Ä‡ #WÅ‚asnoÅ›Ä‡ staje siÄ™ zÅ‚udzeniem, chociaÅ¼ zagwarantowana prawem, to obwarowana przepisami. Przytoczony przykÅ‚ad pokazuje, Å¼e Å¼yjemy w Å›wiecie fikcji, a wÅ‚asnoÅ›Ä‡ jest pojÄ™ciem teoretycznym, abstrakcjÄ… ktÃ³rÄ… znamy jedynie z ksiÄ…Å¼ek historycznych.  https://t.co/6ZpmL8ewHX	pl	[]	['http://goniec24.pl/?p=1006']	[]	0	1	2	['wolnoÅ›Ä‡', 'wÅ‚asnoÅ›Ä‡']	[]	https://twitter.com/goniec24/status/1236081564137684993	False		0								[]				
1228317767524323328	1228311592120541184	2020-02-14 14:59:11 Central European Standard Time	2020-02-14	14:59:11	+0100	1227954552948830210	korwingdansk	KORWiN GdaÅ„sk - okrÄ™g 25		@Partia_KORWiN BÄ™dziemy dumnie reprezentowaÄ‡ #WolnoÅ›Ä‡ #WÅ‚asnoÅ›Ä‡ i #SprawiedliwoÅ›Ä‡ oraz popularyzowaÄ‡ zainteresowania wolnoÅ›ciowo-konserwatywne wÅ›rÃ³d mieszkaÅ„cÃ³w miasta Neptuna.	pl	[]	[]	[]	0	0	1	['wolnoÅ›Ä‡', 'wÅ‚asnoÅ›Ä‡', 'sprawiedliwoÅ›Ä‡']	[]	https://twitter.com/korwingdansk/status/1228317767524323328	False		0								[{'screen_name': 'Partia_KORWiN', 'name': 'Partia KORWiN', 'id': '2981372711'}]				
1227962691182059520	1227962691182059520	2020-02-13 15:28:14 Central European Standard Time	2020-02-13	15:28:14	+0100	1641516710	ludwikowskij	Ludwikowski Jacek		GorÄ…co zapraszam do Å›ledzenia nowo powstaÅ‚ej strony gdaÅ„skiego oddziaÅ‚u KORWiN @korwin_25  !!! Pod tym linkiem bÄ™dziemy umieszczaÄ‡ najÅ›wieÅ¼sze informacje z naszego okrÄ™gu !!!  #WolnoÅ›Ä‡ #WÅ‚asnoÅ›Ä‡ #SprawiedliwoÅ›Ä‡	pl	[]	[]	[]	1	0	1	['wolnoÅ›Ä‡', 'wÅ‚asnoÅ›Ä‡', 'sprawiedliwoÅ›Ä‡']	[]	https://twitter.com/LudwikowskiJ/status/1227962691182059520	False		0								[]				
1227218280986923008	1227218280986923008	2020-02-11 14:10:13 Central European Standard Time	2020-02-11	14:10:13	+0100	3695521875	prawo_do_zycia	Fundacja Pro		Historia zatacza koÅ‚o? Kiedy caÅ‚kowicie zniesione zostanie mordowanie nienarodzonych?  #historia #wÅ‚asnoÅ›Ä‡  https://t.co/yPD3IECWU5	pl	[]	[]	['https://pbs.twimg.com/media/EQf0hdJWAAEhq9B.jpg']	0	19	37	['historia', 'wÅ‚asnoÅ›Ä‡']	[]	https://twitter.com/Prawo_do_zycia/status/1227218280986923008	False		1	https://pbs.twimg.com/media/EQf0hdJWAAEhq9B.jpg							[]				
1221513648671219712	1221513648671219712	2020-01-26 20:22:03 Central European Standard Time	2020-01-26	20:22:03	+0100	1132684944126423041	micha88464340	Michaeloangelobounarotti		Wole utopiÄ™ od komunistÃ³w z krzyÅ¼em w zÄ™bach #wolnoÅ›Ä‡ #wÅ‚asnoÅ›Ä‡ #sprawiedliwoÅ›Ä‡	pl	[]	[]	[]	0	0	0	['wolnoÅ›Ä‡', 'wÅ‚asnoÅ›Ä‡', 'sprawiedliwoÅ›Ä‡']	[]	https://twitter.com/Micha88464340/status/1221513648671219712	False	https://twitter.com/ForfiterP/status/1221512864382574592	0								[]				
1218122688583081984	1218122688583081984	2020-01-17 11:47:35 Central European Standard Time	2020-01-17	11:47:35	+0100	837675106285551618	jacekdyrla	Jacek Dyrla		IV rzesza nabiera rumieÅ„cÃ³w:  https://t.co/1mkIlwAcor   #WÅ‚asnoÅ›Ä‡? #WolnoÅ›Ä‡? #PiS-da #Polin	pl	[]	['https://www.farmer.pl/fakty/polska/policja-przylapala-rolnika-na-nielegalnym-uboju-swini,89578.html?fbclid=IwAR3tuEMZQsgii8fyr3bp9-rmQEZgqONlzfpoDIL6kQqP4tB7IFygIwaucMA']	[]	2	10	12	['wÅ‚asnoÅ›Ä‡', 'wolnoÅ›Ä‡', 'pis', 'polin']	[]	https://twitter.com/JacekDyrla/status/1218122688583081984	False		0								[]				
1215954341263290376	1215954341263290376	2020-01-11 12:11:20 Central European Standard Time	2020-01-11	12:11:20	+0100	183968715	nacjonalistapl	Nacjonalista.pl ğŸ‡µğŸ‡± #BabiesLivesMatter		Nacjonalistyczne TAK dla wÅ‚asnoÅ›ci prywatnej. #nacjonalizm #NR #AdamDoboszyÅ„ski #wÅ‚asnoÅ›Ä‡ Adam DoboszyÅ„ski: O potrzebie wÅ‚asnoÅ›ci prywatnej.  https://t.co/JvGjBGDsW9	pl	[]	['https://www.nacjonalista.pl/2014/04/22/adam-doboszynski-o-potrzebie-wlasnosci-prywatnej/#.Xhms6bX7oM4.twitter']	[]	0	5	4	['nacjonalizm', 'nr', 'adamdoboszyÅ„ski', 'wÅ‚asnoÅ›Ä‡']	[]	https://twitter.com/nacjonalistapl/status/1215954341263290376	False		0								[]				
1211262321848393729	1211262321848393729	2019-12-29 13:26:56 Central European Standard Time	2019-12-29	13:26:56	+0100	372312737	tomasztrocki	Tomasz Trocki		WÅ‚asnoÅ›Ä‡ prywatna i BoÅ¼e Narodzenie. Wpis dedykowany zwolennikom 500+  https://t.co/hXuQb2rHks #bozenarodzenie #bozenarodzenie2019 #kapitalizm #wolnoÅ›Ä‡ #wÅ‚asnoÅ›Ä‡ #500plus #socjalizm  https://t.co/iLKLGL1gkr	pl	[]	['https://tomasztrocki.com/ekonomia/wlasnosc-prywatna-i-boze-narodzenie/']	['https://pbs.twimg.com/media/EM9EprsXYAUiHlp.jpg']	0	4	11	['bozenarodzenie', 'bozenarodzenie2019', 'kapitalizm', 'wolnoÅ›Ä‡', 'wÅ‚asnoÅ›Ä‡', '500plus', 'socjalizm']	[]	https://twitter.com/tomasztrocki/status/1211262321848393729	False		1	https://pbs.twimg.com/media/EM9EprsXYAUiHlp.jpg							[]				
1210509837668368384	1210493084515098624	2019-12-27 11:36:50 Central European Standard Time	2019-12-27	11:36:50	+0100	110006946	andrzejnowak	Andrzej Nowak		@matlawyer_pl @JanSpiewak To siÅ‚Ä… rzeczy spory #czynnikRyzyka, gdy za regulacjÄ™ stosunkÃ³w #wÅ‚asnoÅ›c'iowych biorÄ… siÄ™ #nieprawnicy...	pl	[]	[]	[]	1	0	0	['czynnikryzyka', 'wÅ‚asnoÅ›c', 'nieprawnicy']	[]	https://twitter.com/AndrzejNowak/status/1210509837668368384	False		0								[{'screen_name': 'matlawyer_pl', 'name': 'Mateusz', 'id': '2196490736'}, {'screen_name': 'JanSpiewak', 'name': 'Jan Åšpiewak', 'id': '2209098386'}]				
1206935900250419200	1206935900250419200	2019-12-17 14:55:17 Central European Standard Time	2019-12-17	14:55:17	+0100	1181927215761690629	parkinterior1	Park Interior		Czy wiecie, Å¼e tylko 3% patentÃ³w przynosi dochody? ğŸ’¸ Czy to oznacza, Å¼e nie warto siÄ™ staraÄ‡ o ochronÄ™ wÅ‚asnoÅ›ci? ğŸ¤” Nasz ekspert w Programie Inkubator i rozwiewa wszelkie wÄ…tpliwoÅ›ci w tej sprawie ğŸ‘‡   https://t.co/SfTinxZfCO  #patent #biznes #firma #wÅ‚asnoÅ›Ä‡ #startup #lubuskie	pl	[]	['https://parkinterior.pl/patent-czy-ta-inwestycja-sie-zawsze-oplaca-rozmowa-z-dr-j-mirkowskim/']	[]	0	0	1	['patent', 'biznes', 'firma', 'wÅ‚asnoÅ›Ä‡', 'startup', 'lubuskie']	[]	https://twitter.com/ParkInterior1/status/1206935900250419200	False		0								[]				
1203008638127763456	1203008638127763456	2019-12-06 18:49:44 Central European Standard Time	2019-12-06	18:49:44	+0100	193735706	rdcpolskieradio	Polskie Radio RDC		Wiceprezydent zaapelowaÅ‚ dziÅ› do warszawiakÃ³w, ktÃ³rzy otrzymali zaÅ›wiadczenia potwierdzajÄ…ce przeksztaÅ‚cenie nieruchomoÅ›ci, o dopeÅ‚nienie formalnoÅ›ci. PoÅ‚owa tego jeszcze nie zrobiÅ‚a  Czytaj wiÄ™cej:  https://t.co/zzMwccqaCu  #nieruchomoÅ›ci #warszawa #wÅ‚asnoÅ›Ä‡ #uÅ¼ytkowaniewieczyste  https://t.co/1kfMRr7AaI	pl	[]	['https://www.rdc.pl/informacje/wiceprezydent-nie-zwlekac-z-formalnosciami-ws-przeksztalcen-nieruchomosci/']	['https://pbs.twimg.com/media/ELHx-jCXUAAcEst.png']	0	0	0	['nieruchomoÅ›ci', 'warszawa', 'wÅ‚asnoÅ›Ä‡', 'uÅ¼ytkowaniewieczyste']	[]	https://twitter.com/rdcpolskieradio/status/1203008638127763456	False		1	https://pbs.twimg.com/media/ELHx-jCXUAAcEst.png							[]				
1200478849840099328	1200478849840099328	2019-11-29 19:17:16 Central European Standard Time	2019-11-29	19:17:16	+0100	1136733343691751424	leduchowski_j	Rzecznik prasowy Dz. ÅšrÃ³dmieÅ›cie m.st. Warszawy		Otrzymujemy mnÃ³stwo pytaÅ„ o #przeksztaÅ‚cenie #uÅ¼ytkowaniewieczyste we #wÅ‚asnoÅ›Ä‡. By uÅ‚atwiÄ‡ mieszkaÅ„com #ÅšrÃ³dmieÅ›cie #Warszawa dostÄ™p do informacji, publikujemy 2 listy zaÅ›wiadczeÅ„: wydanych i w przygotowaniu. Aktualizacja co piÄ…tek. Do pobrania tu:  https://t.co/CxuZn58axL  https://t.co/zsIRSexGjY	pl	[]	['http://bit.ly/2qOxQzE']	['https://pbs.twimg.com/media/EKj1JS6XsAAEoh1.jpg']	0	1	3	['przeksztaÅ‚cenie', 'uÅ¼ytkowaniewieczyste', 'wÅ‚asnoÅ›Ä‡', 'Å›rÃ³dmieÅ›cie', 'warszawa']	[]	https://twitter.com/leduchowski_j/status/1200478849840099328	False		1	https://pbs.twimg.com/media/EKj1JS6XsAAEoh1.jpg							[]				
1197529430052294658	1197529430052294658	2019-11-21 15:57:19 Central European Standard Time	2019-11-21	15:57:19	+0100	332373377	saskakepainfo	SaskaKepa.info		WaÅ¼ne i przydatne ğŸ‘‡ #uzytkowaniewieczyste #wÅ‚asnoÅ›Ä‡ #wyszukiwarka  https://t.co/K3rqj9Hl28	pl	[]	['https://www.facebook.com/SaskaKepa.info/posts/2895147047165168']	[]	0	0	0	['uzytkowaniewieczyste', 'wÅ‚asnoÅ›Ä‡', 'wyszukiwarka']	[]	https://twitter.com/Saskakepainfo/status/1197529430052294658	False		0								[]				
